{
    "timestamp": 1746852603.5744169,
    "centroid": {
        "x": 482,
        "y": 456
    },
    "average_depth": 62.00967935483871
}
