{
    "timestamp": 1744549793.6571953,
    "centroid": {
        "x": 419,
        "y": 340
    },
    "average_depth": 91.51835333835318
}
