{
    "timestamp": 1745416390.1177049,
    "centroid": {
        "x": 218,
        "y": 232
    },
    "average_depth": 59.10338869072165
}
