{
    "timestamp": 1739172097.7095091,
    "centroid": {
        "x": 558,
        "y": 327
    },
    "average_depth": 48.39911602970571
}
