{
    "timestamp": 1745060124.0534437,
    "centroid": {
        "x": 471,
        "y": 395
    },
    "average_depth": 65.7716556540577
}
