{
    "timestamp": 1740282696.8009293,
    "centroid": {
        "x": 71,
        "y": 414
    },
    "average_depth": 81.79405437102474
}
