{
    "timestamp": 1744757272.7540977,
    "centroid": {
        "x": 362,
        "y": 435
    },
    "average_depth": 92.71745081675547
}
